{
  "num_worlds":1024,
  "num_vertices":2002442,
  "avg_total_time":78.325676,
  "avg_trace_time_ratio":0.997991
}
