{
  "num_worlds":8,
  "num_vertices":1715570,
  "avg_total_time":224.496689,
  "tlas_percent":0.505412,
  "avg_trace_time_ratio":0.998454
}