{
  "num_worlds":16
  "num_vertices":1798609
  "avg_total_time":2077.048584,
  "tlas_percent":0.943782,
  "avg_trace_time_ratio":0.999985
}