{
  "num_worlds":32,
  "num_vertices":1715570,
  "avg_total_time":224.268433,
  "tlas_percent":0.526841,
  "avg_trace_time_ratio":0.998315
}