{
  "num_worlds":1024
  "num_vertices":1798609
  "avg_total_time":8321.136719,
  "tlas_percent":0.729830,
  "avg_trace_time_ratio":0.999807
}