{
  "num_worlds":16,
  "num_vertices":1715570,
  "avg_total_time":228.729904,
  "tlas_percent":0.858125,
  "avg_trace_time_ratio":0.999601
}