{
  "num_worlds":8,
  "num_vertices":1715570,
  "avg_total_time":228.983566,
  "tlas_percent":0.803485,
  "avg_trace_time_ratio":0.999729
}