{
  "num_worlds":512,
  "num_vertices":1715570,
  "avg_total_time":36.901550,
  "avg_trace_time_ratio":0.980266
}