{
  "num_worlds":16,
  "num_vertices":1715570,
  "avg_total_time":227.904312,
  "tlas_percent":0.804775,
  "avg_trace_time_ratio":0.999710
}