{
  "num_worlds":32,
  "num_vertices":1715570,
  "avg_total_time":1230.027344,
  "tlas_percent":0.849630,
  "avg_trace_time_ratio":0.999961
}