{
  "num_worlds":32,
  "num_vertices":1715570,
  "avg_total_time":304.151764,
  "tlas_percent":0.625712,
  "avg_trace_time_ratio":0.998752
}