{
  "num_worlds":16,
  "num_vertices":1715570,
  "avg_total_time":909.225098,
  "tlas_percent":0.709824,
  "avg_trace_time_ratio":0.999929
}