{
  "num_worlds":4
  "num_vertices":1798609
  "avg_total_time":2084.584229,
  "tlas_percent":0.925906,
  "avg_trace_time_ratio":0.999989
}