{
  "num_worlds":16,
  "num_vertices":1715570,
  "avg_total_time":57.337902,
  "tlas_percent":0.572783,
  "avg_trace_time_ratio":0.993862
}