{
  "num_worlds":1024,
  "num_vertices":1715570,
  "avg_total_time":114.843063,
  "avg_trace_time_ratio":0.998786
}