{
  "num_worlds":16,
  "num_vertices":1715570,
  "avg_total_time":1196.287109,
  "tlas_percent":0.562281,
  "avg_trace_time_ratio":0.999685
}