{
  "num_worlds":16,
  "num_vertices":1715570,
  "avg_total_time":305.007629,
  "tlas_percent":0.877067,
  "avg_trace_time_ratio":0.999878
}