{
  "num_worlds":16,
  "num_vertices":1715570,
  "avg_total_time":57.794373,
  "tlas_percent":0.592146,
  "avg_trace_time_ratio":0.993938
}