{
  "num_worlds":8,
  "num_vertices":1715570,
  "avg_total_time":1177.017578,
  "tlas_percent":0.860305,
  "avg_trace_time_ratio":0.999972
}