{
  "num_worlds":8,
  "num_vertices":1715570,
  "avg_total_time":226.135605,
  "tlas_percent":0.497447,
  "avg_trace_time_ratio":0.998467
}