{
  "num_worlds":32,
  "num_vertices":1715570,
  "avg_total_time":227.243011,
  "tlas_percent":0.513633,
  "avg_trace_time_ratio":0.998443
}