{
  "num_worlds":8,
  "num_vertices":1715570,
  "avg_total_time":227.988327,
  "tlas_percent":0.535175,
  "avg_trace_time_ratio":0.998369
}