{
  "num_worlds":512
  "num_vertices":1798609
  "avg_total_time":2085.409180,
  "tlas_percent":0.761133,
  "avg_trace_time_ratio":0.999613
}