{
  "num_worlds":16,
  "num_vertices":1715570,
  "avg_total_time":57.648438,
  "tlas_percent":0.857647,
  "avg_trace_time_ratio":0.998857
}