{
  "num_worlds":8
  "num_vertices":1798609
  "avg_total_time":526.302307,
  "tlas_percent":0.963167,
  "avg_trace_time_ratio":0.999951
}