{
  "num_worlds":32,
  "num_vertices":1715570,
  "avg_total_time":228.572495,
  "tlas_percent":0.524062,
  "avg_trace_time_ratio":0.998453
}