{
  "num_worlds":16,
  "num_vertices":1715570,
  "avg_total_time":906.040466,
  "tlas_percent":0.828229,
  "avg_trace_time_ratio":0.999894
}