{
  "num_worlds":16,
  "num_vertices":1715570,
  "avg_total_time":309.009216,
  "tlas_percent":0.641232,
  "avg_trace_time_ratio":0.998778
}