{
  "num_worlds":16,
  "num_vertices":1715570,
  "avg_total_time":58.020569,
  "tlas_percent":0.905610,
  "avg_trace_time_ratio":0.998413
}