{
  "num_worlds":8,
  "num_vertices":1715570,
  "avg_total_time":1178.128540,
  "tlas_percent":0.551049,
  "avg_trace_time_ratio":0.999683
}