{
  "num_worlds":16
  "num_vertices":1798609
  "avg_total_time":8413.805664,
  "tlas_percent":0.933933,
  "avg_trace_time_ratio":0.999996
}