{
  "num_worlds":16,
  "num_vertices":1715570,
  "avg_total_time":57.675186,
  "tlas_percent":0.600107,
  "avg_trace_time_ratio":0.993911
}