{
  "num_worlds":8,
  "num_vertices":1715570,
  "avg_total_time":902.742859,
  "tlas_percent":0.489735,
  "avg_trace_time_ratio":0.999614
}