{
  "num_worlds":32,
  "num_vertices":1715570,
  "avg_total_time":74.554031,
  "tlas_percent":0.913685,
  "avg_trace_time_ratio":0.999417
}