{
  "num_worlds":16,
  "num_vertices":1715570,
  "avg_total_time":75.129105,
  "tlas_percent":0.672010,
  "avg_trace_time_ratio":0.994926
}