{
  "num_worlds":32,
  "num_vertices":1715570,
  "avg_total_time":909.297668,
  "tlas_percent":0.484057,
  "avg_trace_time_ratio":0.999611
}