{
  "num_worlds":2048
  "num_vertices":1798609
  "avg_total_time":2082.200684,
  "tlas_percent":0.817275,
  "avg_trace_time_ratio":0.998457
}