{
  "num_worlds":32,
  "num_vertices":1715570,
  "avg_total_time":306.552277,
  "tlas_percent":0.878928,
  "avg_trace_time_ratio":0.999844
}