{
  "num_worlds":8
  "num_vertices":1798609
  "avg_total_time":8457.858398,
  "tlas_percent":0.921948,
  "avg_trace_time_ratio":0.999997
}