{
  "num_worlds":512,
  "num_vertices":1715570,
  "avg_total_time":15.714046,
  "avg_trace_time_ratio":0.953958
}