{
  "num_worlds":32,
  "num_vertices":1715570,
  "avg_total_time":56.826450,
  "tlas_percent":0.550991,
  "avg_trace_time_ratio":0.993781
}