{
  "num_worlds":32,
  "num_vertices":1715570,
  "avg_total_time":56.917767,
  "tlas_percent":0.633676,
  "avg_trace_time_ratio":0.993377
}