{
  "num_worlds":32,
  "num_vertices":1715570,
  "avg_total_time":914.658691,
  "tlas_percent":0.821740,
  "avg_trace_time_ratio":0.999889
}