{
  "num_worlds":1024
  "num_vertices":1798609
  "avg_total_time":521.055847,
  "tlas_percent":0.773764,
  "avg_trace_time_ratio":0.996912
}