{
  "num_worlds":16,
  "num_vertices":1715570,
  "avg_total_time":906.024536,
  "tlas_percent":0.479092,
  "avg_trace_time_ratio":0.999612
}