{
  "num_worlds":32,
  "num_vertices":1715570,
  "avg_total_time":58.045322,
  "tlas_percent":0.522583,
  "avg_trace_time_ratio":0.993921
}