{
  "num_worlds":2048,
  "num_vertices":1715570,
  "avg_total_time":13.004897,
  "avg_trace_time_ratio":0.775423
}