{
  "num_worlds":16,
  "num_vertices":1715570,
  "avg_total_time":223.698761,
  "tlas_percent":0.544523,
  "avg_trace_time_ratio":0.998420
}