{
  "num_worlds":16
  "num_vertices":1798609
  "avg_total_time":523.803955,
  "tlas_percent":0.962071,
  "avg_trace_time_ratio":0.999941
}