{
  "num_worlds":8,
  "num_vertices":1715570,
  "avg_total_time":301.746735,
  "tlas_percent":0.626813,
  "avg_trace_time_ratio":0.998756
}