{
  "num_worlds":16,
  "num_vertices":1715570,
  "avg_total_time":895.288574,
  "tlas_percent":0.466429,
  "avg_trace_time_ratio":0.999579
}