{
  "num_worlds":32,
  "num_vertices":1715570,
  "avg_total_time":905.003723,
  "tlas_percent":0.446142,
  "avg_trace_time_ratio":0.999609
}