{
  "num_worlds":1024
  "num_vertices":1798609
  "avg_total_time":2106.088623,
  "tlas_percent":0.804281,
  "avg_trace_time_ratio":0.999238
}