{
  "num_worlds":512,
  "num_vertices":1715570,
  "avg_total_time":24.168814,
  "avg_trace_time_ratio":0.996442
}