{
  "num_worlds":4
  "num_vertices":1798609
  "avg_total_time":8346.265625,
  "tlas_percent":0.912162,
  "avg_trace_time_ratio":0.999997
}