{
  "num_worlds":8,
  "num_vertices":1715570,
  "avg_total_time":907.341980,
  "tlas_percent":0.430698,
  "avg_trace_time_ratio":0.999615
}