{
  "num_worlds":32,
  "num_vertices":1715570,
  "avg_total_time":57.235020,
  "tlas_percent":0.855151,
  "avg_trace_time_ratio":0.998757
}