{
  "num_worlds":32,
  "num_vertices":1715570,
  "avg_total_time":1210.536499,
  "tlas_percent":0.569952,
  "avg_trace_time_ratio":0.999684
}