{
  "num_worlds":32,
  "num_vertices":1715570,
  "avg_total_time":57.350067,
  "tlas_percent":0.591813,
  "avg_trace_time_ratio":0.993829
}