{
  "num_worlds":32,
  "num_vertices":1715570,
  "avg_total_time":224.443787,
  "tlas_percent":0.514498,
  "avg_trace_time_ratio":0.998419
}