{
  "num_worlds":16,
  "num_vertices":1715570,
  "avg_total_time":903.400391,
  "tlas_percent":0.451655,
  "avg_trace_time_ratio":0.999610
}