{
  "num_worlds":16,
  "num_vertices":1715570,
  "avg_total_time":58.239799,
  "tlas_percent":0.554177,
  "avg_trace_time_ratio":0.993915
}