{
  "num_worlds":8,
  "num_vertices":1715570,
  "avg_total_time":898.048157,
  "tlas_percent":0.458924,
  "avg_trace_time_ratio":0.999584
}