{
  "num_worlds":16,
  "num_vertices":1715570,
  "avg_total_time":77.069801,
  "tlas_percent":0.920370,
  "avg_trace_time_ratio":0.999545
}