{
  "num_worlds":2048
  "num_vertices":1798609
  "avg_total_time":8349.549805,
  "tlas_percent":0.777611,
  "avg_trace_time_ratio":0.999616
}