{
  "num_worlds":2048
  "num_vertices":1798609
  "avg_total_time":526.121094,
  "tlas_percent":0.830339,
  "avg_trace_time_ratio":0.993876
}