{
  "num_worlds":16,
  "num_vertices":1715570,
  "avg_total_time":1209.865112,
  "tlas_percent":0.849531,
  "avg_trace_time_ratio":0.999968
}