{
  "num_worlds":32,
  "num_vertices":1715570,
  "avg_total_time":224.445633,
  "tlas_percent":0.801200,
  "avg_trace_time_ratio":0.999686
}