{
  "num_worlds":32,
  "num_vertices":1715570,
  "avg_total_time":901.212402,
  "tlas_percent":0.745169,
  "avg_trace_time_ratio":0.999918
}