{
  "num_worlds":1024,
  "num_vertices":1715570,
  "avg_total_time":41.743244,
  "avg_trace_time_ratio":0.994586
}