{
  "num_worlds":4
  "num_vertices":1798609
  "avg_total_time":524.603577,
  "tlas_percent":0.951705,
  "avg_trace_time_ratio":0.999957
}