{
  "num_worlds":32,
  "num_vertices":1715570,
  "avg_total_time":77.299721,
  "tlas_percent":0.675490,
  "avg_trace_time_ratio":0.995068
}