{
  "num_worlds":32,
  "num_vertices":1715570,
  "avg_total_time":226.885849,
  "tlas_percent":0.510852,
  "avg_trace_time_ratio":0.998441
}