{
  "num_worlds":8
  "num_vertices":1798609
  "avg_total_time":2091.963135,
  "tlas_percent":0.931481,
  "avg_trace_time_ratio":0.999988
}