{
  "num_worlds":512,
  "num_vertices":1798609,
  "avg_total_time":59.989750,
  "avg_trace_time_ratio":0.986346
}
