{
  "num_worlds":32,
  "num_vertices":1798609,
  "avg_total_time":227.773773,
  "tlas_percent":0.504957,
  "avg_trace_time_ratio":0.998758
}