{
  "num_worlds":16,
  "num_vertices":1798609,
  "avg_total_time":905.244629,
  "tlas_percent":0.429912,
  "avg_trace_time_ratio":0.999691
}