{
  "num_worlds":16,
  "num_vertices":1798609,
  "avg_total_time":895.755737,
  "tlas_percent":0.447729,
  "avg_trace_time_ratio":0.999688
}