{
  "num_worlds":8,
  "num_vertices":1798609,
  "avg_total_time":903.936646,
  "tlas_percent":0.466193,
  "avg_trace_time_ratio":0.999697
}