{
  "num_worlds":16,
  "num_vertices":1798609,
  "avg_total_time":228.456940,
  "tlas_percent":0.550406,
  "avg_trace_time_ratio":0.998777
}