{
  "num_worlds":16,
  "num_vertices":1798609,
  "avg_total_time":226.652939,
  "tlas_percent":0.541427,
  "avg_trace_time_ratio":0.998758
}