{
  "num_worlds":32,
  "num_vertices":1798609,
  "avg_total_time":891.127197,
  "tlas_percent":0.448704,
  "avg_trace_time_ratio":0.999682
}