{
  "num_worlds":32,
  "num_vertices":1798609,
  "avg_total_time":55.530117,
  "tlas_percent":0.629743,
  "avg_trace_time_ratio":0.994927
}