{
  "num_worlds":8,
  "num_vertices":1798609,
  "avg_total_time":1222.794312,
  "tlas_percent":0.808701,
  "avg_trace_time_ratio":0.999975
}