{
  "num_worlds":1024,
  "num_vertices":1798609,
  "avg_total_time":76.624786,
  "avg_trace_time_ratio":0.996341
}