{
  "num_worlds":32,
  "num_vertices":1798609,
  "avg_total_time":229.535248,
  "tlas_percent":0.806323,
  "avg_trace_time_ratio":0.999645
}