{
  "num_worlds":32,
  "num_vertices":1798609,
  "avg_total_time":57.152168,
  "tlas_percent":0.618361,
  "avg_trace_time_ratio":0.995052
}