{
  "num_worlds":8,
  "num_vertices":1798609,
  "avg_total_time":910.258118,
  "tlas_percent":0.505834,
  "avg_trace_time_ratio":0.999698
}