{
  "num_worlds":32,
  "num_vertices":1798609,
  "avg_total_time":1189.341553,
  "tlas_percent":0.804183,
  "avg_trace_time_ratio":0.999964
}