{
  "num_worlds":16,
  "num_vertices":1798609,
  "avg_total_time":56.870651,
  "tlas_percent":0.576469,
  "avg_trace_time_ratio":0.995115
}