{
  "num_worlds":8,
  "num_vertices":1798609,
  "avg_total_time":1207.156250,
  "tlas_percent":0.595337,
  "avg_trace_time_ratio":0.999749
}