{
  "num_worlds":8,
  "num_vertices":1798609,
  "avg_total_time":307.038330,
  "tlas_percent":0.852310,
  "avg_trace_time_ratio":0.999904
}