{
  "num_worlds":16,
  "num_vertices":1798609,
  "avg_total_time":904.505676,
  "tlas_percent":0.445160,
  "avg_trace_time_ratio":0.999689
}