{
  "num_worlds":16,
  "num_vertices":1798609,
  "avg_total_time":57.059978,
  "tlas_percent":0.594920,
  "avg_trace_time_ratio":0.995092
}