{
  "num_worlds":16,
  "num_vertices":1798609,
  "avg_total_time":225.228271,
  "tlas_percent":0.525167,
  "avg_trace_time_ratio":0.998768
}