{
  "num_worlds":8,
  "num_vertices":1798609,
  "avg_total_time":900.820496,
  "tlas_percent":0.435022,
  "avg_trace_time_ratio":0.999691
}