{
  "num_worlds":32,
  "num_vertices":1798609,
  "avg_total_time":312.639526,
  "tlas_percent":0.848731,
  "avg_trace_time_ratio":0.999862
}