{
  "num_worlds":32,
  "num_vertices":1798609,
  "avg_total_time":890.928650,
  "tlas_percent":0.508654,
  "avg_trace_time_ratio":0.999664
}