{
  "num_worlds":2048,
  "num_vertices":1798609,
  "avg_total_time":67.354607,
  "avg_trace_time_ratio":0.966526
}