{
  "num_worlds":32,
  "num_vertices":1798609,
  "avg_total_time":1181.822632,
  "tlas_percent":0.597958,
  "avg_trace_time_ratio":0.999744
}