{
  "num_worlds":32,
  "num_vertices":1798609,
  "avg_total_time":224.443237,
  "tlas_percent":0.501955,
  "avg_trace_time_ratio":0.998750
}