{
  "num_worlds":8,
  "num_vertices":1798609,
  "avg_total_time":308.948212,
  "tlas_percent":0.608303,
  "avg_trace_time_ratio":0.999036
}