{
  "num_worlds":32,
  "num_vertices":1798609,
  "avg_total_time":57.040600,
  "tlas_percent":0.676676,
  "avg_trace_time_ratio":0.994733
}