{
  "num_worlds":16,
  "num_vertices":1798609,
  "avg_total_time":223.976059,
  "tlas_percent":0.582660,
  "avg_trace_time_ratio":0.998748
}