{
  "num_worlds":1024,
  "num_vertices":1798609,
  "avg_total_time":9.021695,
  "avg_trace_time_ratio":0.866371
}