{
  "num_worlds":32,
  "num_vertices":1798609,
  "avg_total_time":227.202103,
  "tlas_percent":0.732731,
  "avg_trace_time_ratio":0.999726
}