{
  "num_worlds":16,
  "num_vertices":1798609,
  "avg_total_time":226.170792,
  "tlas_percent":0.781061,
  "avg_trace_time_ratio":0.999660
}