{
  "num_worlds":1024,
  "num_vertices":1798609,
  "avg_total_time":8.918108,
  "avg_trace_time_ratio":0.861695
}