{
  "num_worlds":8,
  "num_vertices":1798609,
  "avg_total_time":225.112289,
  "tlas_percent":0.725165,
  "avg_trace_time_ratio":0.999763
}