{
  "num_worlds":16,
  "num_vertices":1798609,
  "avg_total_time":1187.352051,
  "tlas_percent":0.604878,
  "avg_trace_time_ratio":0.999742
}