{
  "num_worlds":16,
  "num_vertices":1798609,
  "avg_total_time":914.549500,
  "tlas_percent":0.639452,
  "avg_trace_time_ratio":0.999937
}