{
  "num_worlds":16,
  "num_vertices":1798609,
  "avg_total_time":898.383179,
  "tlas_percent":0.460300,
  "avg_trace_time_ratio":0.999691
}