{
  "num_worlds":32,
  "num_vertices":1798609,
  "avg_total_time":57.092915,
  "tlas_percent":0.536684,
  "avg_trace_time_ratio":0.995049
}