{
  "num_worlds":512,
  "num_vertices":1798609,
  "avg_total_time":26.112957,
  "avg_trace_time_ratio":0.969935
}