{
  "num_worlds":16,
  "num_vertices":1798609,
  "avg_total_time":56.334728,
  "tlas_percent":0.802667,
  "avg_trace_time_ratio":0.998993
}