{
  "num_worlds":8,
  "num_vertices":1798609,
  "avg_total_time":895.269653,
  "tlas_percent":0.470289,
  "avg_trace_time_ratio":0.999672
}