{
  "num_worlds":16,
  "num_vertices":1798609,
  "avg_total_time":224.942688,
  "tlas_percent":0.602819,
  "avg_trace_time_ratio":0.998684
}