{
  "num_worlds":16,
  "num_vertices":1798609,
  "avg_total_time":1190.469604,
  "tlas_percent":0.800700,
  "avg_trace_time_ratio":0.999970
}