{
  "num_worlds":32,
  "num_vertices":1798609,
  "avg_total_time":914.350952,
  "tlas_percent":0.428390,
  "avg_trace_time_ratio":0.999690
}