{
  "num_worlds":8,
  "num_vertices":1798609,
  "avg_total_time":221.892975,
  "tlas_percent":0.544571,
  "avg_trace_time_ratio":0.998753
}