{
  "num_worlds":32,
  "num_vertices":1798609,
  "avg_total_time":224.656143,
  "tlas_percent":0.567252,
  "avg_trace_time_ratio":0.998664
}