{
  "num_worlds":16,
  "num_vertices":1798609,
  "avg_total_time":228.882904,
  "tlas_percent":0.477888,
  "avg_trace_time_ratio":0.998769
}