{
  "num_worlds":16,
  "num_vertices":1798609,
  "avg_total_time":57.098557,
  "tlas_percent":0.573954,
  "avg_trace_time_ratio":0.995082
}