{
  "num_worlds":32,
  "num_vertices":1798609,
  "avg_total_time":905.776001,
  "tlas_percent":0.435201,
  "avg_trace_time_ratio":0.999688
}