{
  "num_worlds":8,
  "num_vertices":1798609,
  "avg_total_time":908.937256,
  "tlas_percent":0.608762,
  "avg_trace_time_ratio":0.999941
}