{
  "num_worlds":32,
  "num_vertices":1798609,
  "avg_total_time":80.626945,
  "tlas_percent":0.859350,
  "avg_trace_time_ratio":0.999516
}