{
  "num_worlds":2048,
  "num_vertices":1798609,
  "avg_total_time":100.034203,
  "avg_trace_time_ratio":0.977602
}