{
  "num_worlds":16,
  "num_vertices":1798609,
  "avg_total_time":900.769775,
  "tlas_percent":0.442983,
  "avg_trace_time_ratio":0.999690
}