{
  "num_worlds":8,
  "num_vertices":1798609,
  "avg_total_time":886.915344,
  "tlas_percent":0.709035,
  "avg_trace_time_ratio":0.999917
}