{
  "num_worlds":32,
  "num_vertices":1798609,
  "avg_total_time":79.289162,
  "tlas_percent":0.694570,
  "avg_trace_time_ratio":0.996164
}