{
  "num_worlds":8,
  "num_vertices":1798609,
  "avg_total_time":226.521637,
  "tlas_percent":0.497049,
  "avg_trace_time_ratio":0.998780
}