{
  "num_worlds":16,
  "num_vertices":1798609,
  "avg_total_time":79.084602,
  "tlas_percent":0.879741,
  "avg_trace_time_ratio":0.999578
}