{
  "num_worlds":32,
  "num_vertices":1798609,
  "avg_total_time":56.590374,
  "tlas_percent":0.625495,
  "avg_trace_time_ratio":0.995019
}