{
  "num_worlds":512,
  "num_vertices":2002442,
  "avg_total_time":40.015823,
  "avg_trace_time_ratio":0.997238
}
