{
  "num_worlds":16
  "num_vertices":2002442
  "avg_total_time":520.826172,
  "tlas_percent":0.733661,
  "avg_trace_time_ratio":0.999247
}