{
  "num_worlds":4
  "num_vertices":2002442
  "avg_total_time":2080.765869,
  "tlas_percent":0.670792,
  "avg_trace_time_ratio":0.999816
}