{
  "num_worlds":16
  "num_vertices":2002442
  "avg_total_time":8277.453125,
  "tlas_percent":0.640247,
  "avg_trace_time_ratio":0.999952
}