{
  "num_worlds":8
  "num_vertices":2002442
  "avg_total_time":520.915100,
  "tlas_percent":0.745113,
  "avg_trace_time_ratio":0.999252
}