{
  "num_worlds":4
  "num_vertices":2002442
  "avg_total_time":529.561462,
  "tlas_percent":0.686429,
  "avg_trace_time_ratio":0.999279
}