{
  "num_worlds":16
  "num_vertices":2002442
  "avg_total_time":2093.067383,
  "tlas_percent":0.665308,
  "avg_trace_time_ratio":0.999815
}