{
  "num_worlds":8
  "num_vertices":2002442
  "avg_total_time":2084.901367,
  "tlas_percent":0.665832,
  "avg_trace_time_ratio":0.999816
}