{
  "num_worlds":4
  "num_vertices":2002442
  "avg_total_time":8288.764648,
  "tlas_percent":0.647254,
  "avg_trace_time_ratio":0.999953
}