{
  "num_worlds":8
  "num_vertices":2002442
  "avg_total_time":8349.473633,
  "tlas_percent":0.634145,
  "avg_trace_time_ratio":0.999954
}