{
  "num_worlds":32,
  "num_vertices":2002442,
  "avg_total_time":228.094208,
  "tlas_percent":0.563345,
  "avg_trace_time_ratio":0.998728
}