{
  "num_worlds":32,
  "num_vertices":2002442,
  "avg_total_time":227.451950,
  "tlas_percent":0.618501,
  "avg_trace_time_ratio":0.998628
}