{
  "num_worlds":16,
  "num_vertices":2002442,
  "avg_total_time":303.149109,
  "tlas_percent":0.882634,
  "avg_trace_time_ratio":0.999888
}