{
  "num_worlds":32,
  "num_vertices":2002442,
  "avg_total_time":1170.218506,
  "tlas_percent":0.613727,
  "avg_trace_time_ratio":0.999734
}