{
  "num_worlds":8
  "num_vertices":1715570
  "avg_total_time":519.056580,
  "tlas_percent":0.969424,
  "avg_trace_time_ratio":0.999946
}