{
  "num_worlds":32,
  "num_vertices":2002442,
  "avg_total_time":56.775612,
  "tlas_percent":0.654414,
  "avg_trace_time_ratio":0.994892
}