{
  "num_worlds":32,
  "num_vertices":2002442,
  "avg_total_time":56.866783,
  "tlas_percent":0.899243,
  "avg_trace_time_ratio":0.998514
}