{
  "num_worlds":8,
  "num_vertices":2002442,
  "avg_total_time":907.556885,
  "tlas_percent":0.790524,
  "avg_trace_time_ratio":0.999916
}