{
  "num_worlds":16,
  "num_vertices":2002442,
  "avg_total_time":225.675995,
  "tlas_percent":0.543173,
  "avg_trace_time_ratio":0.998715
}