{
  "num_worlds":16
  "num_vertices":1715570
  "avg_total_time":8466.175781,
  "tlas_percent":0.940232,
  "avg_trace_time_ratio":0.999996
}