{
  "num_worlds":16,
  "num_vertices":2002442,
  "avg_total_time":1235.624878,
  "tlas_percent":0.831835,
  "avg_trace_time_ratio":0.999975
}