{
  "num_worlds":8,
  "num_vertices":2002442,
  "avg_total_time":1208.082886,
  "tlas_percent":0.859067,
  "avg_trace_time_ratio":0.999975
}