{
  "num_worlds":32,
  "num_vertices":2002442,
  "avg_total_time":910.319336,
  "tlas_percent":0.479679,
  "avg_trace_time_ratio":0.999682
}