{
  "num_worlds":16,
  "num_vertices":2002442,
  "avg_total_time":908.912354,
  "tlas_percent":0.523606,
  "avg_trace_time_ratio":0.999681
}