{
  "num_worlds":16,
  "num_vertices":2002442,
  "avg_total_time":56.195133,
  "tlas_percent":0.841313,
  "avg_trace_time_ratio":0.998944
}