{
  "num_worlds":32,
  "num_vertices":2002442,
  "avg_total_time":74.281021,
  "tlas_percent":0.917331,
  "avg_trace_time_ratio":0.999486
}