{
  "num_worlds":16
  "num_vertices":1715570
  "avg_total_time":2089.856934,
  "tlas_percent":0.958065,
  "avg_trace_time_ratio":0.999984
}