{
  "num_worlds":8,
  "num_vertices":2002442,
  "avg_total_time":302.235321,
  "tlas_percent":0.680346,
  "avg_trace_time_ratio":0.998985
}