{
  "num_worlds":16
  "num_vertices":1715570
  "avg_total_time":2098.160889,
  "tlas_percent":0.404117,
  "avg_trace_time_ratio":0.999808
}