{
  "num_worlds":16,
  "num_vertices":2002442,
  "avg_total_time":228.141861,
  "tlas_percent":0.612603,
  "avg_trace_time_ratio":0.998738
}