{
  "num_worlds":32,
  "num_vertices":2002442,
  "avg_total_time":888.384949,
  "tlas_percent":0.700450,
  "avg_trace_time_ratio":0.999927
}