{
  "num_worlds":32,
  "num_vertices":2002442,
  "avg_total_time":224.477783,
  "tlas_percent":0.593069,
  "avg_trace_time_ratio":0.998716
}