{
  "num_worlds":8,
  "num_vertices":2002442,
  "avg_total_time":227.388916,
  "tlas_percent":0.635839,
  "avg_trace_time_ratio":0.998660
}