{
  "num_worlds":32,
  "num_vertices":2002442,
  "avg_total_time":224.383347,
  "tlas_percent":0.574512,
  "avg_trace_time_ratio":0.998712
}