{
  "num_worlds":16,
  "num_vertices":2002442,
  "avg_total_time":892.847290,
  "tlas_percent":0.458346,
  "avg_trace_time_ratio":0.999677
}