{
  "num_worlds":16,
  "num_vertices":2002442,
  "avg_total_time":224.298935,
  "tlas_percent":0.603421,
  "avg_trace_time_ratio":0.998713
}