{
  "num_worlds":8,
  "num_vertices":2002442,
  "avg_total_time":303.180298,
  "tlas_percent":0.883766,
  "avg_trace_time_ratio":0.999904
}