{
  "num_worlds":16
  "num_vertices":1715570
  "avg_total_time":8505.577148,
  "tlas_percent":0.413095,
  "avg_trace_time_ratio":0.999953
}