{
  "num_worlds":1024,
  "num_vertices":1715570,
  "avg_total_time":67.033363,
  "avg_trace_time_ratio":0.997496
}
