{
  "num_worlds":4
  "num_vertices":1715570
  "avg_total_time":520.832520,
  "tlas_percent":0.393747,
  "avg_trace_time_ratio":0.999237
}