{
  "num_worlds":8,
  "num_vertices":2002442,
  "avg_total_time":909.986450,
  "tlas_percent":0.471653,
  "avg_trace_time_ratio":0.999688
}