{
  "num_worlds":32,
  "num_vertices":2002442,
  "avg_total_time":916.494385,
  "tlas_percent":0.514445,
  "avg_trace_time_ratio":0.999658
}