{
  "num_worlds":8,
  "num_vertices":2002442,
  "avg_total_time":899.506836,
  "tlas_percent":0.547748,
  "avg_trace_time_ratio":0.999660
}