{
  "num_worlds":32,
  "num_vertices":2002442,
  "avg_total_time":907.600098,
  "tlas_percent":0.793847,
  "avg_trace_time_ratio":0.999909
}