{
  "num_worlds":8
  "num_vertices":1715570
  "avg_total_time":2086.080078,
  "tlas_percent":0.453564,
  "avg_trace_time_ratio":0.999808
}