{
  "num_worlds":16,
  "num_vertices":2002442,
  "avg_total_time":57.557613,
  "tlas_percent":0.647424,
  "avg_trace_time_ratio":0.995014
}