{
  "num_worlds":4
  "num_vertices":1715570
  "avg_total_time":2124.941406,
  "tlas_percent":0.443814,
  "avg_trace_time_ratio":0.999814
}