{
  "num_worlds":8
  "num_vertices":1715570
  "avg_total_time":8325.714844,
  "tlas_percent":0.941011,
  "avg_trace_time_ratio":0.999997
}