{
  "num_worlds":8
  "num_vertices":1715570
  "avg_total_time":2113.726074,
  "tlas_percent":0.943131,
  "avg_trace_time_ratio":0.999987
}