{
  "num_worlds":16
  "num_vertices":1715570
  "avg_total_time":523.623596,
  "tlas_percent":0.450945,
  "avg_trace_time_ratio":0.999229
}