{
  "num_worlds":8,
  "num_vertices":2002442,
  "avg_total_time":224.910248,
  "tlas_percent":0.607472,
  "avg_trace_time_ratio":0.998740
}