{
  "num_worlds":32,
  "num_vertices":2002442,
  "avg_total_time":1188.591309,
  "tlas_percent":0.856795,
  "avg_trace_time_ratio":0.999971
}