{
  "num_worlds":4
  "num_vertices":1715570
  "avg_total_time":8350.783203,
  "tlas_percent":0.924671,
  "avg_trace_time_ratio":0.999997
}