{
  "num_worlds":8,
  "num_vertices":2002442,
  "avg_total_time":227.299118,
  "tlas_percent":0.830686,
  "avg_trace_time_ratio":0.999758
}