{
  "num_worlds":8,
  "num_vertices":2002442,
  "avg_total_time":909.487488,
  "tlas_percent":0.547999,
  "avg_trace_time_ratio":0.999688
}