{
  "num_worlds":4
  "num_vertices":1715570
  "avg_total_time":513.925598,
  "tlas_percent":0.958909,
  "avg_trace_time_ratio":0.999953
}