{
  "num_worlds":16
  "num_vertices":1715570
  "avg_total_time":522.325745,
  "tlas_percent":0.964218,
  "avg_trace_time_ratio":0.999939
}