{
  "num_worlds":4
  "num_vertices":1715570
  "avg_total_time":8297.875977,
  "tlas_percent":0.337223,
  "avg_trace_time_ratio":0.999952
}