{
  "num_worlds":8,
  "num_vertices":2002442,
  "avg_total_time":224.396027,
  "tlas_percent":0.606744,
  "avg_trace_time_ratio":0.998726
}