{
  "num_worlds":32,
  "num_vertices":2002442,
  "avg_total_time":302.933228,
  "tlas_percent":0.879658,
  "avg_trace_time_ratio":0.999868
}