{
  "num_worlds":16,
  "num_vertices":2002442,
  "avg_total_time":229.453308,
  "tlas_percent":0.859718,
  "avg_trace_time_ratio":0.999651
}