{
  "num_worlds":32,
  "num_vertices":2002442,
  "avg_total_time":76.093124,
  "tlas_percent":0.730196,
  "avg_trace_time_ratio":0.995890
}