{
  "num_worlds":4
  "num_vertices":1715570
  "avg_total_time":2078.422607,
  "tlas_percent":0.946670,
  "avg_trace_time_ratio":0.999988
}