{
  "num_worlds":8
  "num_vertices":1715570
  "avg_total_time":8467.374023,
  "tlas_percent":0.396337,
  "avg_trace_time_ratio":0.999953
}