{
  "num_worlds":16,
  "num_vertices":2002442,
  "avg_total_time":913.013977,
  "tlas_percent":0.530216,
  "avg_trace_time_ratio":0.999659
}