{
  "num_worlds":8,
  "num_vertices":2002442,
  "avg_total_time":226.838760,
  "tlas_percent":0.846499,
  "avg_trace_time_ratio":0.999666
}