{
  "num_worlds":32,
  "num_vertices":2002442,
  "avg_total_time":228.044174,
  "tlas_percent":0.803551,
  "avg_trace_time_ratio":0.999727
}