{
  "num_worlds":8,
  "num_vertices":2002442,
  "avg_total_time":1217.250000,
  "tlas_percent":0.624114,
  "avg_trace_time_ratio":0.999749
}