{
  "num_worlds":16,
  "num_vertices":2002442,
  "avg_total_time":75.413490,
  "tlas_percent":0.770431,
  "avg_trace_time_ratio":0.995900
}