{
  "num_worlds":16,
  "num_vertices":2002442,
  "avg_total_time":57.407696,
  "tlas_percent":0.617368,
  "avg_trace_time_ratio":0.994975
}