{
  "num_worlds":16,
  "num_vertices":2002442,
  "avg_total_time":898.638245,
  "tlas_percent":0.476674,
  "avg_trace_time_ratio":0.999680
}