{
  "num_worlds":32,
  "num_vertices":2002442,
  "avg_total_time":56.772465,
  "tlas_percent":0.696870,
  "avg_trace_time_ratio":0.994888
}