{
  "num_worlds":32,
  "num_vertices":2002442,
  "avg_total_time":892.416077,
  "tlas_percent":0.482888,
  "avg_trace_time_ratio":0.999676
}