{
  "num_worlds":8,
  "num_vertices":2002442,
  "avg_total_time":916.379150,
  "tlas_percent":0.505718,
  "avg_trace_time_ratio":0.999690
}